feature,mean,scale
Flesch-Kincaid-Grade-Level,9.508314987298899,4.325460481849056
Flesch-Reading-Ease,65.2312298899238,18.176161320187983
Automated Readability Index,10.264629551227774,5.239600745476432
SMOG Readability,10.198581710414903,3.263651479163643
New Dale-Chall Readability Formula,7.674784081287046,1.9443444484998362
Google WC,171.9602032176122,16.98712291972797
Sentence Count,9.570702794242168,4.639670482025509
Paragraphs,2.5423370025402203,1.8661005338039338
